title,company,location,link
Python Developer Intern,OXO Solutions,"Ruby, SC",https://www.indeed.com/viewjob?jk=84a541c104b5b24c
Data Scientist Entry Level - Pathrise Recruiting Partners,Pathrise,Remote,https://www.indeed.com/viewjob?jk=57125117d2b4b0f6
Sr. Python Developer,PROLIM Corporation,United States,https://www.indeed.com/viewjob?jk=01e816c71aa1b7d8
"MACHINE LEARNING ENGINEER - PYTHON, TENSORFLOW",InspiHER Tech,United States,https://www.indeed.com/viewjob?jk=a754b1fae51c41d2
Python Developer Trainee,Cndro,"Houston, TX",https://www.indeed.com/viewjob?jk=0cf2026f52be6bc9
PYTHON SOFTWARE ENGINEER-DEEP LEARNING,InspiHER Tech,United States,https://www.indeed.com/viewjob?jk=3dd6c509667887e7
Quantitative Trader - Entry Level,Avatar Securities,"Chicago, IL",https://www.indeed.com/viewjob?jk=d01efa8dad29efdc
Python developer,RiVi Consulting Group,"Alpharetta, GA",https://www.indeed.com/viewjob?jk=2f4a8dc24f721476
Junior Developer - Python,Akuna Capital,"Chicago, IL",https://www.indeed.com/viewjob?jk=0b2c553a665c7d64
Junior Data Scientist - Pathrise Recruiting Partners,Pathrise,Remote,https://www.indeed.com/viewjob?jk=4fbc59d736aac3c6
GIS Technician (Contract),Orbital Insight,United States,https://www.indeed.com/viewjob?jk=3e307741d1c78aec
Python developer,Ace-stack LLC,"Houston, TX",https://www.indeed.com/viewjob?jk=0c34c27b60a5c923
Penetration Testing Trainee (Remote USA),BreachLock,"Florida, NY",https://www.indeed.com/viewjob?jk=487b30db63184515
Machine Learning Engineer Entry Level - Pathrise Recruiting Partners,Pathrise,Remote,https://www.indeed.com/viewjob?jk=dbd5f44b23485050
Entry Level Data Analyst,Hopjump,"Boston, MA",https://www.indeed.com/viewjob?jk=2532431132ffbda1
Senior Python Developer,Frontierpay,Remote,https://www.indeed.com/viewjob?jk=249fd45368894066
"Data Scientist, Analytics-Remote Presence",Facebook,"Bellevue, WA",https://www.indeed.com/viewjob?jk=fe2305d701edbbe7
Full Time Opportunities for Students or Recent Graduates: Data & Applied Sciences,Microsoft,"Redmond, WA",https://www.indeed.com/viewjob?jk=11baba484db23433
Python Developer,Callsign Media,"Las Vegas, NV",https://www.indeed.com/viewjob?jk=345e22ca6e583be5
Back-End Python Developer - GitPrime,Pluralsight,Colorado,https://www.indeed.com/viewjob?jk=a1abf6435924c5a1
Online Coding Instructor,CodeWizardsHQ,"Indianapolis, IN",https://www.indeed.com/viewjob?jk=84c3d828c60ca02c
Developer - Python Django,Energy Sense Finance,"Tampa, FL",https://www.indeed.com/viewjob?jk=213f60ab30d8eece
Business Intelligence Intern,Evil Geniuses,California,https://www.indeed.com/viewjob?jk=85e0505695b43f23
Python Engineer,Emsi,"Moscow, ID",https://www.indeed.com/viewjob?jk=363ecb6e97aacb1a
Data Analyst- Contract,ProjectManager.com,Texas,https://www.indeed.com/viewjob?jk=7c1c2e6b07fead60
Data Journalist,Kinsa Inc.,Remote,https://www.indeed.com/viewjob?jk=279cae8f38dcc293
Python Developer,Sara Technologies,United States,https://www.indeed.com/viewjob?jk=07cc59a85ae4d228
SR. SOFTWARE ENGINEER â€“ RUBY ON RAILS/JAVA/PYTHON,InspiHER Tech,"Chicago, IL",https://www.indeed.com/viewjob?jk=95f2233efb4e6dd7
"Software Engineer, University Grad",Facebook,"Los Angeles, CA",https://www.indeed.com/viewjob?jk=ac8c8e4cd7932e29
Quantitative Equities - Programmer/Quantitative Researcher (LAM),Lazard Ltd.,"Boston, MA",https://www.indeed.com/viewjob?jk=56fc8b0787012374
